{
    "qhat": 0.5846686955563296,
    "best_threshold": 0.46459762485748507
}